{"stats":{"minecraft:used":{"minecraft:dirt":2,"minecraft:oak_planks":6,"minecraft:barrier":5,"minecraft:white_bed":1},"minecraft:mined":{"minecraft:grass_block":2,"minecraft:dirt":2},"minecraft:custom":{"minecraft:open_chest":1,"minecraft:time_since_rest":10639,"minecraft:interact_with_smithing_table":1,"minecraft:crouch_one_cm":157,"minecraft:play_time":42000,"minecraft:sprint_one_cm":23071,"minecraft:damage_taken":110,"minecraft:walk_one_cm":27198,"minecraft:sneak_time":1390,"minecraft:jump":281,"minecraft:damage_dealt":40,"minecraft:time_since_death":42000,"minecraft:sleep_in_bed":1,"minecraft:traded_with_villager":55,"minecraft:total_world_time":42000,"minecraft:talked_to_villager":12,"minecraft:fall_one_cm":1312,"minecraft:fly_one_cm":187477},"minecraft:picked_up":{"minecraft:dirt":4},"minecraft:crafted":{"minecraft:bell":13,"minecraft:diamond_pickaxe":3,"minecraft:stone_hoe":12,"minecraft:diamond_axe":3,"minecraft:iron_axe":6,"minecraft:iron_pickaxe":6,"minecraft:stone_pickaxe":12}},"DataVersion":3465}