{"stats":{"minecraft:used":{"minecraft:barrier":5,"minecraft:dirt":2},"minecraft:mined":{"minecraft:grass_block":2,"minecraft:dirt":2},"minecraft:custom":{"minecraft:jump":105,"minecraft:time_since_rest":18000,"minecraft:damage_dealt":40,"minecraft:crouch_one_cm":100,"minecraft:sprint_one_cm":8083,"minecraft:play_time":18000,"minecraft:damage_taken":110,"minecraft:time_since_death":18000,"minecraft:walk_one_cm":10984,"minecraft:sneak_time":74,"minecraft:total_world_time":18000,"minecraft:fall_one_cm":1312,"minecraft:fly_one_cm":36647},"minecraft:picked_up":{"minecraft:dirt":4}},"DataVersion":3465}