{"stats":{"minecraft:crafted":{"minecraft:bell":13,"minecraft:diamond_pickaxe":3,"minecraft:stone_hoe":12,"minecraft:diamond_axe":3,"minecraft:iron_axe":6,"minecraft:iron_pickaxe":6,"minecraft:stone_pickaxe":12},"minecraft:used":{"minecraft:dirt":3,"minecraft:firework_rocket":28,"minecraft:written_book":1,"minecraft:oak_planks":6,"minecraft:barrier":5,"minecraft:white_bed":4,"minecraft:player_head":1},"minecraft:killed":{"minecraft:slime":6},"minecraft:picked_up":{"minecraft:dirt":4},"minecraft:mined":{"minecraft:grass_block":2,"minecraft:dirt":2},"minecraft:custom":{"minecraft:time_since_rest":31466,"minecraft:open_chest":1,"minecraft:interact_with_smithing_table":1,"minecraft:crouch_one_cm":183,"minecraft:play_time":82738,"minecraft:sprint_one_cm":48888,"minecraft:damage_taken":230,"minecraft:walk_one_cm":224310,"minecraft:sneak_time":1605,"minecraft:mob_kills":6,"minecraft:aviate_one_cm":278078,"minecraft:jump":438,"minecraft:damage_dealt":1174,"minecraft:leave_game":2,"minecraft:time_since_death":82738,"minecraft:sleep_in_bed":2,"minecraft:traded_with_villager":55,"minecraft:total_world_time":82738,"minecraft:talked_to_villager":12,"minecraft:fall_one_cm":1312,"minecraft:fly_one_cm":1608383}},"DataVersion":3465}